Zipcode,relative_score
80204,0.8194993940372186
80211,0.7748267122370641
80205,0.7690140890576302
80202,0.6919262988353176
80210,0.6869140659498931
80203,0.6852063321743157
80231,0.6405191456267747
80218,0.6064157157153159
80206,0.5912144036185109
80238,0.5774785874325279
80293,
