Zipcode,relative_score
50310,0.6294373244233208
50315,0.5955826547281292
50317,0.5897286826388454
50312,0.5859457628052375
50320,0.582509332333039
50313,0.5555805440116193
50314,0.5299323402475986
50311,0.527676211871517
50309,0.36639083695820046
50319,
