Zipcode,relative_score
50315,0.6039522479396969
50312,0.5924370161920627
50314,0.5369487951689319
50311,0.5366337390056013
50309,0.37250296198836785
50319,
